[
{"from":"P714635","to":"P117865"},
{"from":"P159297","to":"P110511"},
{"from":"P811753","to":"P700578"},
{"from":"P492780","to":"P528010"},
{"from":"P234381","to":"P567367"},
{"from":"P958642","to":"P1232180"},
{"from":"P692377","to":"P971721"},
{"from":"P595485","to":"P217876"},
{"from":"P866844","to":"P627370"},
{"from":"P1376583","to":"P14549"},
{"from":"P368246","to":"P317114"},
{"from":"P352273","to":"P784535"},
{"from":"P541546","to":"P127344"},
{"from":"P236623","to":"P446462"},
{"from":"P187200","to":"P841452"},
{"from":"P219524","to":"P731898"},
{"from":"P503312","to":"P1318044"},
{"from":"P1005","to":"P1092752"},
{"from":"P936310","to":"P680729"},
{"from":"P608336","to":"P1402861"},
{"from":"P1220491","to":"P965308"},
{"from":"P291232","to":"P1307107"},
{"from":"P36353","to":"P175674"},
{"from":"P965308","to":"P201752"},
{"from":"P462344","to":"P1379169"},
{"from":"P29435","to":"P38933"},
{"from":"P1196866","to":"P825403"},
{"from":"P999682","to":"P973793"},
{"from":"P626705","to":"P855126"},
{"from":"P447623","to":"P1467849"},
{"from":"P805829","to":"P1031968"},
{"from":"P101765","to":"P1604307"},
{"from":"P217725","to":"P49992"},
{"from":"P60920","to":"P1462378"},
{"from":"P843607","to":"P1176536"},
{"from":"P307570","to":"P1299724"},
{"from":"P226965","to":"P1477966"},
{"from":"P577188","to":"P703342"},
{"from":"P61002","to":"P1458919"},
{"from":"P236134","to":"P1521866"}
]
